Date,Open,High,Low,Close,Volume
2023-09-08,236.0,236.0,226.1999969482422,228.0,10690
2023-09-11,228.0,234.9499969482422,223.39999389648438,228.39999389648438,13009
2023-09-12,226.5500030517578,232.75,208.3000030517578,219.9499969482422,25932
2023-09-13,225.89999389648438,231.0,220.35000610351562,229.89999389648438,13541
2023-09-14,227.0,240.0,224.35000610351562,230.89999389648438,24807
2023-09-15,234.9499969482422,234.9499969482422,225.9499969482422,226.10000610351562,5225
2023-09-18,231.8000030517578,233.9499969482422,225.25,226.35000610351562,6435
2023-09-20,225.10000610351562,233.0,222.64999389648438,225.3000030517578,7150
2023-09-21,225.1999969482422,234.0,225.0500030517578,226.85000610351562,5550
2023-09-22,226.85000610351562,235.0,225.0,228.5500030517578,10261
2023-09-25,228.5500030517578,234.9499969482422,225.39999389648438,229.4499969482422,17077
2023-09-26,234.0,234.0,220.5500030517578,226.0500030517578,11070
2023-09-27,226.35000610351562,230.0,225.10000610351562,229.35000610351562,4388
2023-09-28,228.0,230.10000610351562,221.0,224.25,7775
2023-09-29,229.89999389648438,230.35000610351562,218.39999389648438,224.35000610351562,7959
2023-10-03,238.9499969482422,238.9499969482422,223.1999969482422,225.10000610351562,4314
2023-10-04,224.75,230.0,219.0,227.14999389648438,11250
2023-10-05,225.0,226.5,220.35000610351562,222.10000610351562,3119
2023-10-06,227.89999389648438,228.9499969482422,225.0500030517578,227.3000030517578,4810
2023-10-09,221.5,228.60000610351562,218.5,220.89999389648438,3609
2023-10-10,222.14999389648438,225.3000030517578,217.5,220.89999389648438,6586
2023-10-11,223.25,223.25,217.10000610351562,219.5500030517578,3636
2023-10-12,224.0,228.9499969482422,220.1999969482422,227.9499969482422,8889
2023-10-13,231.0,231.0,223.14999389648438,224.75,3651
2023-10-16,227.0,229.0500030517578,219.85000610351562,222.8000030517578,4767
2023-10-17,222.5,227.9499969482422,217.3000030517578,218.10000610351562,9243
2023-10-18,217.8000030517578,223.4499969482422,217.60000610351562,218.60000610351562,2312
2023-10-19,218.0500030517578,221.9499969482422,217.60000610351562,220.14999389648438,2253
2023-10-20,221.85000610351562,227.0,217.60000610351562,225.10000610351562,4138
2023-10-23,231.10000610351562,231.89999389648438,211.39999389648438,213.0,16755
2023-10-25,213.0,219.3000030517578,205.9499969482422,217.1999969482422,4270
2023-10-26,209.0,214.64999389648438,196.0,199.60000610351562,25455
2023-10-27,205.0,211.64999389648438,203.9499969482422,209.0500030517578,3874
2023-10-30,209.0500030517578,217.89999389648438,209.0500030517578,216.4499969482422,4016
2023-10-31,214.6999969482422,218.5,213.0,213.39999389648438,413
2023-11-01,219.1999969482422,219.1999969482422,212.64999389648438,213.5500030517578,564
2023-11-02,213.4499969482422,217.35000610351562,207.60000610351562,211.10000610351562,1617
2023-11-03,211.14999389648438,219.0,208.9499969482422,212.5,2202
2023-11-06,209.5,217.0500030517578,209.0,212.5,2178
2023-11-07,213.3000030517578,227.0,212.3000030517578,224.89999389648438,9043
2023-11-08,230.0,230.0,221.10000610351562,223.10000610351562,1772
2023-11-09,227.6999969482422,227.8000030517578,211.25,213.89999389648438,4155
2023-11-10,211.8000030517578,228.3000030517578,211.8000030517578,223.9499969482422,6145
2023-11-13,220.25,221.9499969482422,214.0,218.14999389648438,1614
2023-11-15,220.0,234.0,220.0,222.4499969482422,8157
2023-11-16,220.0,223.8000030517578,212.10000610351562,219.3000030517578,9928
2023-11-17,228.0,228.0,218.5,219.8000030517578,1857
2023-11-20,218.6999969482422,218.6999969482422,216.39999389648438,218.35000610351562,3502
2023-11-21,217.4499969482422,224.0,216.10000610351562,222.64999389648438,3908
2023-11-22,222.5,225.9499969482422,219.0500030517578,220.3000030517578,4302
2023-11-23,220.4499969482422,227.0,217.35000610351562,223.14999389648438,4334
2023-11-24,223.1999969482422,226.3000030517578,218.10000610351562,223.1999969482422,3251
2023-11-28,228.8000030517578,228.8000030517578,221.5,222.85000610351562,2929
2023-11-29,221.1999969482422,225.8000030517578,218.1999969482422,220.75,16042
2023-11-30,226.5,240.5500030517578,210.0,231.85000610351562,28298
2023-12-01,233.4499969482422,268.95001220703125,228.39999389648438,264.1499938964844,191094
2023-12-04,277.0,295.0,268.0,283.29998779296875,150834
2023-12-05,283.95001220703125,286.3999938964844,271.0,284.1000061035156,24866
2023-12-06,289.0,294.0,280.1000061035156,288.20001220703125,26912
2023-12-07,289.0,291.45001220703125,276.3500061035156,285.1000061035156,18224
2023-12-08,281.0,289.8999938964844,276.0,278.75,14768
2023-12-11,289.0,289.0,274.45001220703125,277.45001220703125,22070
2023-12-12,284.79998779296875,285.0,266.3999938964844,270.0,12144
2023-12-13,269.8500061035156,284.0,269.8500061035156,281.1000061035156,12278
2023-12-14,290.0,295.0,284.8500061035156,293.1499938964844,26679
2023-12-15,293.8999938964844,293.8999938964844,275.3500061035156,279.8500061035156,20054
2023-12-18,279.8500061035156,292.0,262.8500061035156,279.70001220703125,44730
2023-12-19,276.04998779296875,289.45001220703125,276.04998779296875,284.1499938964844,18209
2023-12-20,288.79998779296875,288.79998779296875,251.0,261.1000061035156,12330
2023-12-21,261.3999938964844,275.0,249.14999389648438,266.8999938964844,17216
2023-12-22,262.45001220703125,277.0,259.8500061035156,271.79998779296875,13765
2023-12-26,279.79998779296875,281.0,263.8500061035156,269.95001220703125,11488
2023-12-27,268.0,279.0,265.6499938964844,274.75,6167
2023-12-28,284.79998779296875,284.79998779296875,275.20001220703125,282.3500061035156,18147
2023-12-29,281.8999938964844,282.3500061035156,271.45001220703125,273.70001220703125,7750
2024-01-01,284.54998779296875,284.54998779296875,276.1499938964844,280.1499938964844,16976
2024-01-02,279.95001220703125,299.0,271.54998779296875,295.29998779296875,49241
2024-01-03,295.29998779296875,325.3999938964844,291.1000061035156,317.20001220703125,183548
2024-01-04,319.8500061035156,337.0,319.8500061035156,329.8999938964844,79213
2024-01-05,336.0,337.0,316.75,327.04998779296875,23023
2024-01-08,340.0,340.0,308.79998779296875,322.0,43388
2024-01-09,331.0,333.0,311.04998779296875,318.54998779296875,18440
2024-01-10,314.0,329.25,314.0,323.20001220703125,14484
2024-01-11,324.79998779296875,330.0,315.3999938964844,317.54998779296875,8575
2024-01-12,320.8500061035156,323.45001220703125,310.6000061035156,319.0,10037
2024-01-15,331.75,331.75,317.0,319.54998779296875,11758
2024-01-16,330.0,330.0,305.0,308.70001220703125,13859
2024-01-17,315.0,318.8500061035156,301.3500061035156,313.79998779296875,11250
2024-01-18,313.8500061035156,317.8999938964844,303.54998779296875,310.1499938964844,14155
2024-01-19,325.0,325.0,314.1000061035156,317.5,5151
2024-01-23,310.5,319.6000061035156,291.3500061035156,305.20001220703125,9764
2024-01-24,313.25,313.3999938964844,295.29998779296875,301.95001220703125,8622
2024-01-25,302.95001220703125,310.8999938964844,297.20001220703125,302.04998779296875,4867
2024-01-29,302.04998779296875,324.45001220703125,299.8500061035156,318.54998779296875,6258
2024-01-30,325.5,325.5,310.29998779296875,316.6499938964844,6165
2024-01-31,321.0,321.1499938964844,306.20001220703125,310.70001220703125,25339
2024-02-01,324.0,324.0,310.1000061035156,313.70001220703125,8438
2024-02-02,310.6000061035156,329.0,310.6000061035156,313.45001220703125,24749
2024-02-05,318.8999938964844,324.8999938964844,297.3500061035156,304.45001220703125,21358
2024-02-06,308.0,324.20001220703125,304.8999938964844,316.75,37041
2024-02-07,326.3999938964844,335.0,320.0,330.6499938964844,51862
2024-02-08,335.70001220703125,348.8999938964844,328.1000061035156,332.1499938964844,34901
2024-02-09,339.0,339.0,311.0,330.70001220703125,19651
2024-02-12,333.0,351.0,306.04998779296875,331.1000061035156,68057
2024-02-13,339.0,342.79998779296875,308.54998779296875,325.0,25489
2024-02-14,325.1000061035156,349.5,322.29998779296875,347.0,37227
2024-02-15,351.0,355.0,332.54998779296875,352.54998779296875,19240
2024-02-16,360.0,360.0,345.04998779296875,348.45001220703125,10282
2024-02-19,348.20001220703125,360.0,340.0,356.20001220703125,12086
2024-02-20,356.1499938964844,356.1499938964844,335.0,340.25,6184
2024-02-21,346.0,357.0,340.54998779296875,351.04998779296875,10439
2024-02-22,350.0,368.6000061035156,333.5,364.1000061035156,16483
2024-02-23,355.0,382.29998779296875,346.0,375.3999938964844,24819
2024-02-26,379.0,388.0,357.0,367.20001220703125,3379
2024-02-27,367.0,369.0,353.0,360.1499938964844,3260
2024-02-28,358.79998779296875,362.0,343.5,345.25,7348
2024-02-29,336.6000061035156,351.0,336.6000061035156,348.6499938964844,3689
2024-03-01,355.6499938964844,355.70001220703125,342.0,348.95001220703125,2310
2024-03-04,336.5,357.0,336.0,345.0,1497
2024-03-05,345.0,350.0,330.0,340.6499938964844,2843
2024-03-06,340.6499938964844,340.6499938964844,323.6499938964844,324.3500061035156,12696
2024-03-07,324.3500061035156,330.0,323.6499938964844,329.3500061035156,2054
2024-03-11,330.0,330.0,312.8999938964844,312.8999938964844,5027
2024-03-12,312.8999938964844,325.5,297.25,299.79998779296875,6829
2024-03-13,299.79998779296875,299.79998779296875,284.8500061035156,285.0,7098
2024-03-14,288.0,290.0,270.75,287.29998779296875,4952
2024-03-15,290.0,290.0,273.0,286.20001220703125,2955
2024-03-18,292.0,292.0,275.0,283.79998779296875,3374
2024-03-19,283.25,283.45001220703125,272.0,274.04998779296875,4042
2024-03-20,282.0,286.8999938964844,277.0,286.8999938964844,2997
2024-03-21,286.0,301.20001220703125,285.0,290.0,4461
2024-03-22,290.0,301.8999938964844,286.0,300.8999938964844,3409
2024-03-26,301.0,315.0,290.0,311.0,1438
2024-03-27,310.95001220703125,324.70001220703125,310.0,321.0,5180
2024-03-28,326.5,334.0,315.0,321.0,1317
2024-04-01,321.0,321.0,314.6000061035156,321.0,2153
2024-04-02,316.0,320.0,320.0,320.0,1503
2024-04-03,326.3999938964844,326.3999938964844,320.0,326.3999938964844,8108
2024-04-04,332.8999938964844,332.8999938964844,332.79998779296875,332.8999938964844,2982
2024-04-05,339.54998779296875,339.54998779296875,339.54998779296875,339.54998779296875,1393
2024-04-08,345.79998779296875,345.79998779296875,332.75,345.79998779296875,625
2024-04-09,352.0,352.0,338.8999938964844,352.0,6882
2024-04-10,350.5,352.0,350.5,350.5,2668
2024-04-12,350.0,350.0,343.5,350.0,5540
2024-04-15,357.0,357.0,350.5,357.0,15215
2024-04-16,364.1000061035156,364.1000061035156,364.1000061035156,364.1000061035156,14348
2024-04-18,371.3500061035156,371.3500061035156,371.3500061035156,371.3500061035156,13442
2024-04-19,378.75,378.75,378.70001220703125,378.75,24519
2024-04-22,386.29998779296875,386.29998779296875,386.29998779296875,386.29998779296875,18623
2024-04-23,394.0,394.0,394.0,394.0,14055
2024-04-24,401.0,401.79998779296875,398.0,401.0,9647
2024-04-25,409.0,409.0,408.70001220703125,409.0,12693
2024-04-26,409.95001220703125,417.0,409.95001220703125,409.95001220703125,5920
2024-04-29,402.0,402.0,401.75,402.0,6029
2024-04-30,400.0,409.95001220703125,400.0,400.0,3549
2024-05-02,392.0,400.0,392.0,392.0,5466
2024-05-03,384.20001220703125,390.0,384.20001220703125,384.20001220703125,4067
2024-05-06,376.54998779296875,382.0,376.54998779296875,376.54998779296875,5164
2024-05-07,370.0,376.54998779296875,369.1000061035156,370.0,2639
2024-05-08,375.0,377.3999938964844,370.0,375.0,1058
2024-05-09,370.79998779296875,375.0,370.79998779296875,370.79998779296875,1752
2024-05-10,378.20001220703125,378.20001220703125,370.0,378.20001220703125,1920
2024-05-13,385.79998779296875,385.79998779296875,360.0,369.70001220703125,3127
2024-05-14,352.0,374.8999938964844,351.29998779296875,369.75,3612
2024-05-15,356.0,376.0,356.0,360.25,1175
2024-05-16,378.0,378.0,351.0,360.1499938964844,2066
2024-05-17,362.1499938964844,378.0,344.20001220703125,376.79998779296875,4089
2024-05-21,359.0,379.8999938964844,359.0,373.8999938964844,2516
2024-05-22,368.0,375.0,360.0,375.0,2116
2024-05-23,375.0,393.75,361.0,393.29998779296875,27688
2024-05-24,377.0,383.79998779296875,373.6499938964844,374.29998779296875,18071
2024-05-27,374.29998779296875,374.29998779296875,355.6000061035156,368.95001220703125,10671
2024-05-28,368.3500061035156,375.0,360.1000061035156,373.95001220703125,4342
2024-05-29,372.6000061035156,388.0,372.6000061035156,377.20001220703125,9354
2024-05-30,384.5,396.04998779296875,368.20001220703125,379.6499938964844,19443
2024-05-31,379.6499938964844,388.8999938964844,375.0,379.0,3514
2024-06-03,400.0,409.8999938964844,380.0,390.20001220703125,11990
2024-06-04,388.0,396.0,368.1499938964844,371.8999938964844,10408
2024-06-05,364.8500061035156,410.0,361.3999938964844,400.0,17382
2024-06-06,392.0,409.75,387.95001220703125,393.8999938964844,9531
2024-06-07,405.0,405.0,388.54998779296875,396.6000061035156,7075
2024-06-10,415.0,415.0,387.5,395.54998779296875,9827
2024-06-11,404.8999938964844,404.8999938964844,395.0,398.45001220703125,11771
2024-06-12,396.0,405.0,396.0,403.95001220703125,18383
2024-06-13,405.0,408.95001220703125,400.0,406.6000061035156,14476
2024-06-14,412.95001220703125,412.95001220703125,393.79998779296875,408.45001220703125,8391
2024-06-18,408.45001220703125,482.29998779296875,405.0,471.0,70609
2024-06-19,475.0,499.8999938964844,475.0,482.70001220703125,42053
2024-06-20,493.0,509.20001220703125,475.0,475.6000061035156,18600
2024-06-21,494.0,494.54998779296875,472.75,486.1000061035156,8409
2024-06-24,479.0,488.0,466.75,469.45001220703125,5970
2024-06-25,476.5,476.5,452.54998779296875,465.45001220703125,8140
2024-06-26,469.04998779296875,558.5,466.1000061035156,525.1500244140625,294539
2024-06-27,525.1500244140625,526.7999877929688,501.0,505.6000061035156,23384
2024-06-28,500.1000061035156,526.9500122070312,491.0,522.9000244140625,22072
2024-07-01,530.75,539.8499755859375,501.5,514.25,8947
2024-07-02,514.25,523.5999755859375,507.95001220703125,511.79998779296875,4954
2024-07-03,513.4000244140625,513.4000244140625,496.6499938964844,503.5,5690
2024-07-04,505.54998779296875,529.0,504.95001220703125,520.5999755859375,9015
2024-07-05,507.0,552.0,507.0,530.0,10497
2024-07-08,535.0,535.0,501.0,512.3499755859375,8709
2024-07-09,511.95001220703125,511.95001220703125,487.25,492.3999938964844,5951
2024-07-10,500.0,500.04998779296875,463.5,478.45001220703125,5908
2024-07-11,488.04998779296875,544.9000244140625,488.04998779296875,534.8499755859375,33924
2024-07-12,542.5999755859375,542.5999755859375,497.0,501.20001220703125,13553
2024-07-15,521.0,521.0,485.0,490.79998779296875,5261
2024-07-16,481.1499938964844,512.4000244140625,481.1499938964844,500.1000061035156,4012
2024-07-18,519.8499755859375,519.8499755859375,481.5,491.95001220703125,6475
2024-07-19,491.95001220703125,491.95001220703125,467.3999938964844,480.70001220703125,2557
2024-07-22,470.75,504.0,467.3500061035156,500.0,7433
2024-07-23,475.20001220703125,504.0,475.20001220703125,478.8500061035156,6919
2024-07-24,490.0,500.0,485.20001220703125,498.70001220703125,2942
2024-07-25,498.0,498.0,480.20001220703125,487.6000061035156,707
2024-07-26,490.0,491.0,481.0,484.3999938964844,1005
2024-07-29,489.0,505.0,482.0,493.25,1550
2024-07-30,496.0,505.0,485.0,488.04998779296875,699
2024-07-31,492.0,500.0,488.04998779296875,490.0,1643
2024-08-01,494.0,505.0,486.0,486.1000061035156,2323
2024-08-02,486.0,503.5,486.0,491.45001220703125,3424
2024-08-05,491.45001220703125,491.45001220703125,469.0,489.20001220703125,3362
2024-08-06,490.0,513.6500244140625,488.70001220703125,513.0499877929688,13359
2024-08-07,520.0499877929688,537.0,495.20001220703125,519.3499755859375,8713
2024-08-08,528.0,536.0,502.5,534.75,5129
2024-08-09,534.0,534.0,510.5,518.0999755859375,2100
2024-08-12,501.0,529.0999755859375,501.0,516.9500122070312,2898
2024-08-13,520.0,534.5499877929688,516.0999755859375,525.9500122070312,7762
2024-08-14,536.5,547.0,525.0,525.3499755859375,11196
2024-08-16,535.9000244140625,540.0,499.1000061035156,501.54998779296875,14039
2024-08-19,477.0,501.54998779296875,477.0,494.75,3616
2024-08-20,494.75,499.79998779296875,480.0,497.8500061035156,3374
2024-08-21,498.0,499.95001220703125,481.8999938964844,491.3999938964844,17748
2024-08-22,491.0,495.0,475.0,491.0,4133
2024-08-23,491.0,497.04998779296875,482.1000061035156,484.3999938964844,2018
2024-08-26,500.0,500.0,467.54998779296875,485.70001220703125,9023
2024-08-27,498.0,498.0,475.0,487.79998779296875,2380
2024-08-28,474.0,488.75,474.0,487.0,714
2024-08-29,487.0,491.0,470.0,483.5,4623
2024-08-30,478.0,478.0,462.0,472.3999938964844,4007
2024-09-02,493.6499938964844,493.6499938964844,450.0,466.5,2169
2024-09-03,471.95001220703125,471.95001220703125,454.0,457.3500061035156,2258
2024-09-04,458.0,459.0,435.0,446.1000061035156,4650
2024-09-05,449.0,454.95001220703125,437.25,441.95001220703125,3264
2024-09-06,461.0,464.0,445.0,463.95001220703125,4611
2024-09-09,480.0,487.1000061035156,460.0,470.0,2780
2024-09-10,450.0,474.0,450.0,467.04998779296875,1491
2024-09-11,467.04998779296875,476.0,460.0,460.0,1484
2024-09-12,469.20001220703125,469.20001220703125,437.0,450.0,1706
2024-09-13,445.0,450.0,432.0,436.20001220703125,4640
2024-09-16,438.0,438.0,425.0,427.5,3340
2024-09-17,427.5,448.8500061035156,416.04998779296875,447.75,3682
2024-09-18,448.0,467.54998779296875,428.5,430.0,714
2024-09-19,430.0,445.8999938964844,414.0,431.8999938964844,891
2024-09-20,423.29998779296875,430.0,421.0,422.95001220703125,2021
2024-09-23,422.0,427.1000061035156,421.0,427.1000061035156,1638
2024-09-24,427.1000061035156,435.0,413.0,415.29998779296875,1670
2024-09-25,418.0,419.1000061035156,410.0,416.04998779296875,4680
2024-09-26,418.0,436.8500061035156,410.0,436.79998779296875,1919
2024-09-27,440.0,454.0,422.1000061035156,453.45001220703125,1043
2024-09-30,453.0,453.0,435.29998779296875,435.70001220703125,867
2024-10-01,436.0,444.79998779296875,435.70001220703125,444.70001220703125,255
2024-10-03,444.0,444.0,434.0,434.0,368
2024-10-04,430.0,430.0,420.0,420.75,1546
2024-10-07,428.8999938964844,428.8999938964844,399.79998779296875,410.20001220703125,7005
2024-10-08,419.5,430.70001220703125,410.0,411.1000061035156,3137
2024-10-09,415.0,431.6499938964844,413.0,431.6499938964844,1372
2024-10-10,434.8500061035156,445.0,428.04998779296875,438.04998779296875,1651
2024-10-11,433.8999938964844,434.0,420.1000061035156,429.3500061035156,1665
2024-10-14,437.1000061035156,450.79998779296875,421.0,446.6000061035156,2135
2024-10-15,466.20001220703125,468.8999938964844,446.3999938964844,454.5,3468
2024-10-16,455.29998779296875,458.0,435.5,442.6499938964844,2866
2024-10-17,450.0,450.6000061035156,436.8999938964844,446.25,922
2024-10-18,455.20001220703125,455.20001220703125,425.0,447.95001220703125,2029
2024-10-21,430.20001220703125,450.0,425.54998779296875,430.6499938964844,3510
2024-10-22,430.6499938964844,452.1499938964844,416.1000061035156,441.25,8491
2024-10-23,460.0,460.0,427.1499938964844,430.54998779296875,1706
2024-10-24,435.1000061035156,445.95001220703125,430.0,435.1499938964844,792
2024-10-25,426.3999938964844,441.6499938964844,416.0,426.54998779296875,2776
2024-10-28,415.1000061035156,429.95001220703125,415.1000061035156,427.04998779296875,2949
2024-10-29,426.20001220703125,433.5,420.0,426.70001220703125,2682
2024-10-30,426.45001220703125,448.0,426.45001220703125,447.25,3747
2024-10-31,461.0,469.6000061035156,452.04998779296875,468.54998779296875,16697
2024-11-01,477.95001220703125,484.0,465.0,468.45001220703125,435
2024-11-04,478.0,489.3999938964844,445.04998779296875,476.1000061035156,9126
2024-11-05,460.0,499.8999938964844,460.0,494.70001220703125,14146
2024-11-06,514.9500122070312,514.9500122070312,483.6499938964844,505.04998779296875,4143
2024-11-07,505.0,511.95001220703125,499.8999938964844,503.1499938964844,2762
2024-11-08,493.54998779296875,496.0,480.1499938964844,484.25,1730
2024-11-11,480.8999938964844,508.0,477.25,490.6000061035156,2617
2024-11-12,483.0,515.0999755859375,472.0,515.0999755859375,16588
2024-11-13,540.8499755859375,540.8499755859375,489.3500061035156,534.9500122070312,70260
2024-11-14,536.9500122070312,561.6500244140625,536.9500122070312,561.6500244140625,32316
2024-11-18,574.0,589.0,566.0,570.7999877929688,21229
2024-11-19,570.7999877929688,579.9000244140625,550.0,559.3499755859375,16445
2024-11-21,573.0,573.0,531.4000244140625,531.4000244140625,7990
2024-11-22,505.29998779296875,557.0,504.8500061035156,545.5499877929688,6480
2024-11-25,571.7999877929688,571.7999877929688,540.0,542.1500244140625,11276
2024-11-26,553.0,568.0,535.5499877929688,554.0499877929688,7635
2024-11-27,565.0,568.0,549.5,552.7000122070312,4538
2024-11-28,563.75,573.0,544.5,555.7000122070312,13572
2024-11-29,567.5,571.0,554.9000244140625,568.1500244140625,3106
2024-12-02,583.0,596.5499877929688,582.9500122070312,596.5499877929688,16280
2024-12-03,620.0,626.3499755859375,602.2999877929688,626.3499755859375,22237
2024-12-04,650.0,657.6500244140625,638.0,657.6500244140625,17050
2024-12-05,690.5,690.5,658.0,680.2000122070312,88231
2024-12-06,680.2000122070312,680.2000122070312,646.2000122070312,651.7000122070312,24260
2024-12-09,656.0,669.25,621.75,642.2000122070312,21055
2024-12-10,642.2000122070312,655.5,610.0999755859375,615.75,6309
2024-12-11,629.0,629.0,590.25,617.6500244140625,4722
2024-12-12,610.0,647.7000122070312,607.0,633.7999877929688,6467
2024-12-13,640.0,640.0,605.0,612.1500244140625,6007
2024-12-16,590.0999755859375,636.0,590.0999755859375,623.7999877929688,7816
2024-12-17,625.0999755859375,647.4000244140625,607.0,621.9500122070312,5748
2024-12-18,605.25,625.2999877929688,596.25,619.3499755859375,6545
2024-12-19,624.7999877929688,625.0,590.0,622.25,6821
2024-12-20,606.2000122070312,622.0499877929688,602.0,611.75,3895
2024-12-23,611.0,623.9000244140625,581.2000122070312,583.7000122070312,4015
2024-12-24,580.7999877929688,598.0,554.5499877929688,582.6500244140625,3615
2024-12-26,580.0,581.9500122070312,564.0,574.4500122070312,1129
2024-12-27,574.0,582.0,560.5499877929688,569.7000122070312,4205
2024-12-30,560.0,574.9500122070312,542.6500244140625,560.4000244140625,6903
2024-12-31,571.5,571.5,550.0,563.0,2251
2025-01-01,564.9500122070312,591.1500244140625,563.0,590.7999877929688,2370
2025-01-02,620.0,620.2999877929688,589.5,616.0499877929688,4032
2025-01-03,618.7999877929688,627.4000244140625,600.0999755859375,612.7000122070312,3124
2025-01-06,612.7000122070312,612.7000122070312,582.0999755859375,600.0,4661
2025-01-07,588.0,607.5499877929688,582.0,600.0,850
2025-01-08,600.0,600.0,582.5499877929688,586.6500244140625,1791
2025-01-09,605.7999877929688,605.7999877929688,572.0,575.5499877929688,3098
2025-01-10,588.8499755859375,600.0,571.0,586.0499877929688,1939
2025-01-13,597.7999877929688,597.7999877929688,558.2000122070312,577.7000122070312,4072
2025-01-14,605.2999877929688,605.2999877929688,578.5,598.9500122070312,3154
2025-01-15,599.0,607.9000244140625,585.0,595.9500122070312,626
2025-01-16,609.7000122070312,609.7000122070312,575.0999755859375,583.0499877929688,2510
2025-01-17,597.6500244140625,612.2000122070312,584.0,604.0,7046
2025-01-20,625.0,625.0,600.0,618.4500122070312,4975
2025-01-21,616.0,616.0,590.0499877929688,594.0,2665
2025-01-22,594.9500122070312,594.9500122070312,564.2999877929688,579.4500122070312,3837
2025-01-23,560.2000122070312,577.4000244140625,550.5,564.0,5207
2025-01-24,551.0,551.0,535.7999877929688,538.0499877929688,2963
2025-01-27,511.25,514.0999755859375,511.1499938964844,511.1499938964844,4937
2025-01-28,500.0,509.0,485.6000061035156,485.6000061035156,19759
2025-01-29,485.6000061035156,509.8500061035156,483.20001220703125,508.54998779296875,4295
2025-01-30,508.75,519.5,485.0,497.25,655
2025-01-31,472.3999938964844,522.0,472.3999938964844,518.0499877929688,1364
2025-02-01,518.0499877929688,520.0,492.1499938964844,492.3999938964844,1411
2025-02-03,473.0,490.0,470.04998779296875,481.0,4682
2025-02-04,484.95001220703125,498.0,456.95001220703125,472.3500061035156,4271
2025-02-05,483.54998779296875,483.54998779296875,453.29998779296875,480.6000061035156,6323
2025-02-06,481.1499938964844,499.95001220703125,465.0,481.45001220703125,4334
2025-02-07,479.95001220703125,488.0,465.0,470.0,1737
2025-02-10,479.25,493.5,478.95001220703125,493.04998779296875,5226
2025-02-11,502.95001220703125,502.95001220703125,468.3999938964844,469.0,45980
2025-02-12,469.0,492.45001220703125,451.0,492.3999938964844,27510
2025-02-13,492.3999938964844,500.0,475.0,477.20001220703125,5661
2025-02-14,486.75,489.8999938964844,453.3500061035156,466.6499938964844,25077
2025-02-17,443.3500061035156,489.95001220703125,443.3500061035156,471.45001220703125,40047
2025-02-18,480.8999938964844,480.8999938964844,447.8999938964844,448.1000061035156,44477
2025-02-19,463.8999938964844,470.5,445.0,470.5,4124
2025-02-20,461.0,473.95001220703125,447.0,449.79998779296875,12951
2025-02-21,444.0,465.0,427.3500061035156,458.8999938964844,17960
2025-02-24,441.25,453.79998779296875,435.95001220703125,438.25,9795
2025-02-25,417.1000061035156,460.0,417.1000061035156,437.8999938964844,6240
2025-02-27,437.8999938964844,450.0,420.0,435.0,5185
2025-02-28,420.0,432.79998779296875,413.25,427.54998779296875,3466
2025-03-03,409.1000061035156,435.0,406.20001220703125,423.8999938964844,5419
2025-03-04,415.0,434.0,405.0,417.79998779296875,6344
2025-03-05,397.0,438.6499938964844,397.0,435.5,3644
2025-03-06,435.5,454.0,435.5,444.3999938964844,727
2025-03-07,444.3999938964844,458.0,444.0,448.1000061035156,1774
2025-03-10,450.1000061035156,465.0,446.1000061035156,463.6000061035156,2472
2025-03-11,460.0,460.0,448.0,452.8999938964844,4168
2025-03-12,452.79998779296875,460.0,435.1000061035156,460.0,506
2025-03-13,460.0,460.0,437.0,437.0,4564
2025-03-17,455.0,455.0,415.1499938964844,426.3999938964844,8360
2025-03-18,426.3999938964844,426.3999938964844,426.3999938964844,426.3999938964844,0
2025-03-19,405.0,425.04998779296875,405.0,423.3999938964844,3715
2025-03-20,415.79998779296875,444.54998779296875,415.5,442.6499938964844,5754
2025-03-21,454.79998779296875,464.75,438.75,450.1499938964844,5622
2025-03-24,451.6499938964844,451.6499938964844,439.0,440.25,1602
2025-03-25,448.20001220703125,461.3999938964844,430.3999938964844,435.95001220703125,3697
2025-03-26,431.70001220703125,434.70001220703125,415.0,420.0,2997
2025-03-27,423.1000061035156,441.0,423.0,435.1000061035156,3476
2025-03-28,449.70001220703125,456.8500061035156,437.54998779296875,440.70001220703125,1972
2025-04-01,431.70001220703125,449.0,429.79998779296875,445.04998779296875,4990
2025-04-02,440.20001220703125,467.29998779296875,434.70001220703125,447.0,7699
2025-04-03,449.95001220703125,469.3500061035156,432.25,469.3500061035156,54598
2025-04-04,489.79998779296875,489.79998779296875,445.8999938964844,446.04998779296875,15944
2025-04-07,357.1000061035156,395.8999938964844,357.1000061035156,388.04998779296875,40194
2025-04-08,390.0,407.8500061035156,331.1000061035156,360.25,249524
2025-04-09,368.0,368.0,348.29998779296875,350.54998779296875,71587
2025-04-11,380.0,380.1499938964844,357.1499938964844,375.6499938964844,115221
2025-04-15,376.29998779296875,450.75,376.29998779296875,449.8500061035156,49257
2025-04-16,459.0,476.45001220703125,449.8500061035156,454.29998779296875,10660
2025-04-17,455.75,489.0,452.3500061035156,466.8999938964844,6024
2025-04-21,460.0,484.75,457.25,459.95001220703125,5992
2025-04-22,454.6499938964844,464.79998779296875,444.3500061035156,451.45001220703125,19030
2025-04-23,449.6499938964844,453.45001220703125,433.0,443.3999938964844,3766
2025-04-24,445.5,449.6499938964844,428.0,431.54998779296875,16332
2025-04-25,437.25,439.95001220703125,378.25,416.04998779296875,16892
2025-04-28,418.6499938964844,423.95001220703125,402.0,406.04998779296875,2711
2025-04-29,411.25,415.5,403.5,406.04998779296875,1638
2025-04-30,397.95001220703125,425.25,390.0,420.1499938964844,4174
2025-05-02,422.8999938964844,453.54998779296875,416.0,430.0,32866
2025-05-05,433.0,452.1000061035156,430.1000061035156,444.20001220703125,9778
2025-05-06,446.3999938964844,446.3999938964844,415.0,418.70001220703125,4126
2025-05-07,420.75,459.0,410.0,451.0,14312
2025-05-08,468.25,499.0,439.1499938964844,464.79998779296875,20818
2025-05-09,437.0,478.0,424.04998779296875,461.0,5151
2025-05-12,481.0,498.0,458.75,462.5,4836
2025-05-13,462.6000061035156,495.0,459.29998779296875,475.25,32563
2025-05-14,497.8500061035156,498.0,469.95001220703125,480.79998779296875,3422
2025-05-15,514.0,576.9500122070312,514.0,538.0499877929688,107209
2025-05-16,541.0,549.7999877929688,528.0,542.9500122070312,12092
2025-05-19,543.0499877929688,549.7999877929688,536.0499877929688,543.1500244140625,6536
2025-05-20,543.2999877929688,543.2999877929688,531.7000122070312,533.8499755859375,3552
2025-05-21,532.9500122070312,553.5,530.5999755859375,551.9500122070312,9520
2025-05-22,552.0,554.5,538.7999877929688,546.2999877929688,4938
2025-05-23,545.8499755859375,579.9500122070312,535.0,559.4000244140625,41352
2025-05-26,535.7999877929688,561.3499755859375,522.1500244140625,544.8499755859375,29209
2025-05-27,552.0,552.0,535.25,540.0,11026
2025-05-28,556.5999755859375,557.9500122070312,527.7000122070312,531.4000244140625,5608
2025-05-29,529.1500244140625,562.9500122070312,518.0999755859375,554.3499755859375,18864
2025-05-30,556.0,561.8499755859375,541.2000122070312,549.2999877929688,3254
2025-06-02,551.5999755859375,567.0,532.0,543.7999877929688,10962
2025-06-03,541.5499877929688,554.2000122070312,519.0499877929688,528.5499877929688,7127
2025-06-04,523.0,534.5,521.8499755859375,530.75,8285
2025-06-05,538.2000122070312,544.0499877929688,525.7000122070312,527.6500244140625,2930
2025-06-06,534.4000244140625,572.0,534.4000244140625,556.7000122070312,15879
2025-06-09,555.0,586.0,553.4000244140625,566.7000122070312,9257
2025-06-10,565.7000122070312,575.9500122070312,548.0499877929688,556.25,4351
2025-06-11,552.0,566.1500244140625,543.0,548.9000244140625,5174
2025-06-12,557.4500122070312,557.4500122070312,535.9500122070312,537.5,5063
2025-06-13,526.3499755859375,588.0,524.2000122070312,558.25,4959
2025-06-16,575.0,575.0,542.7000122070312,559.0999755859375,5843
2025-06-17,564.75,578.0,548.9500122070312,564.75,5080
2025-06-18,558.0999755859375,562.0,540.0,549.5499877929688,5135
2025-06-19,548.75,550.0,526.25,533.4500122070312,6878
2025-06-20,542.3499755859375,543.5499877929688,526.7000122070312,536.8499755859375,4420
2025-06-23,547.6500244140625,547.6500244140625,529.0499877929688,533.5,2714
2025-06-24,540.4000244140625,548.5,532.0,537.6500244140625,4805
2025-06-25,539.4500122070312,545.6500244140625,530.0,535.0999755859375,2790
2025-06-26,541.2999877929688,548.0,535.0,539.8499755859375,4462
2025-06-27,541.0,549.9500122070312,538.6500244140625,539.7000122070312,6610
2025-06-30,545.0,559.4000244140625,535.0499877929688,538.8499755859375,1151
2025-07-01,545.9000244140625,547.75,532.0,541.9500122070312,3367
2025-07-02,548.5499877929688,552.5,526.9500122070312,538.0,6578
2025-07-03,534.0999755859375,551.2000122070312,527.5,548.5,6474
2025-07-04,543.8499755859375,552.5,543.8499755859375,550.4500122070312,7157
2025-07-07,545.0,551.4000244140625,536.7999877929688,542.0499877929688,3130
2025-07-08,541.0,566.0,540.0,554.2999877929688,9269
2025-07-09,560.0,585.9500122070312,555.25,574.7999877929688,10465
2025-07-10,576.0,576.0,546.0999755859375,546.75,6921
2025-07-11,550.0,574.0499877929688,546.0,574.0499877929688,16165
2025-07-14,584.9000244140625,602.75,570.0,601.5,28157
2025-07-15,621.0,622.0,597.0999755859375,611.0,6486
2025-07-16,607.9500122070312,630.9000244140625,601.0,628.0499877929688,7546
2025-07-17,629.0999755859375,629.5499877929688,596.9000244140625,625.75,7737
2025-07-18,622.6500244140625,631.5499877929688,610.0,619.0,3503
2025-07-21,611.0,631.5499877929688,588.0499877929688,610.5,4222
2025-07-22,610.5,620.0,590.0,616.7999877929688,2162
2025-07-23,615.0,617.9000244140625,600.0,605.2000122070312,2045
2025-07-24,606.0,614.0,600.5999755859375,610.9500122070312,1233
2025-07-25,600.0,611.0,600.0,602.0,1684
2025-07-28,627.0,632.0999755859375,610.0,631.0,11166
2025-07-29,643.6500244140625,643.6500244140625,601.0,604.25,3767
2025-07-30,630.0,630.0,601.0999755859375,612.9500122070312,919
2025-07-31,583.4000244140625,601.6500244140625,582.2999877929688,594.6500244140625,3616
2025-08-01,596.0,596.0,577.0,584.3499755859375,1325
2025-08-04,585.0,590.0,560.25,563.8499755859375,2232
2025-08-05,580.0,580.0,555.0999755859375,558.7000122070312,1153
2025-08-06,568.5,568.5,531.0,536.9500122070312,1688
2025-08-07,534.0,534.0,510.1000061035156,510.1000061035156,3298
2025-08-08,511.0,531.0,484.6000061035156,484.6000061035156,3679
2025-08-11,484.6000061035156,499.95001220703125,460.3999938964844,494.6000061035156,7568
2025-08-12,497.04998779296875,497.04998779296875,480.1000061035156,494.79998779296875,1466
2025-08-13,512.9000244140625,512.9000244140625,467.25,467.25,15227
2025-08-14,477.25,477.25,451.6499938964844,454.3500061035156,4014
2025-08-18,431.6499938964844,462.0,431.6499938964844,449.8500061035156,4660
2025-08-19,450.0,468.0,450.0,466.20001220703125,4048
2025-08-20,471.0,489.5,471.0,487.54998779296875,10922
2025-08-21,470.0,506.95001220703125,465.1000061035156,484.54998779296875,11953
2025-08-22,481.0,500.0,475.0,492.95001220703125,3850
2025-08-25,517.5499877929688,517.5499877929688,494.5,509.8999938964844,3139
2025-08-26,524.9500122070312,524.9500122070312,488.0,488.29998779296875,1807
2025-08-28,466.1000061035156,495.8999938964844,466.1000061035156,473.29998779296875,2527
2025-08-29,482.79998779296875,484.8999938964844,451.1499938964844,473.5,13002
2025-09-01,475.0,484.29998779296875,455.29998779296875,480.75,2057
2025-09-02,495.0,495.0,472.0,478.3999938964844,1531
2025-09-03,484.0,484.0,470.0,473.79998779296875,2222
2025-09-04,473.8999938964844,495.0,460.0,465.1499938964844,1201
2025-09-05,462.8500061035156,483.0,462.8500061035156,469.70001220703125,389
2025-09-08,447.1000061035156,487.0,447.1000061035156,466.2999877929688,5980
2025-09-09,464.95001220703125,465.0,450.04998779296875,462.8999938964844,1257
2025-09-10,486.0,486.0,462.5,479.8500061035156,7075
2025-09-11,463.0,477.0,463.0,471.1499938964844,1472
2025-09-12,465.0,477.79998779296875,452.70001220703125,459.3999938964844,2738
2025-09-15,464.8999938964844,464.8999938964844,450.1000061035156,464.29998779296875,384
2025-09-16,464.8500061035156,468.0,450.0,461.3999938964844,4477
2025-09-17,460.0,484.4500122070313,459.7000122070313,484.0,8956
2025-09-18,463.2000122070313,507.8999938964844,463.2000122070313,485.9500122070313,4300
2025-09-19,485.0,497.9500122070313,468.2000122070313,484.8999938964844,929
2025-09-22,487.2999877929688,487.2999877929688,470.0,474.7000122070313,2537
2025-09-23,492.0,493.5,462.70001220703125,469.95001220703125,2122
2025-09-24,455.0,479.8999938964844,455.0,461.0499877929688,2869
2025-09-25,475.9500122070313,475.9500122070313,450.0,459.8999938964844,914
2025-09-26,450.0,450.0,436.8999938964844,436.8999938964844,4755
2025-09-29,439.70001220703125,439.70001220703125,415.04998779296875,415.04998779296875,3283
2025-09-30,400.04998779296875,402.95001220703125,394.29998779296875,401.8500061035156,3856
2025-10-01,397.8500061035156,399.8999938964844,386.3999938964844,396.3500061035156,16396
2025-10-03,392.0,392.0,382.29998779296875,384.8999938964844,5912
2025-10-06,383.0,389.95001220703125,371.70001220703125,389.3500061035156,2325
2025-10-07,380.1000061035156,389.8500061035156,371.3999938964844,383.70001220703125,2465
2025-10-08,383.70001220703125,389.1000061035156,383.70001220703125,387.8500061035156,1527
2025-10-09,388.0,388.0,370.1000061035156,371.0,3091
2025-10-10,371.0,385.7000122070313,370.9500122070313,383.1000061035156,7835
2025-10-13,392.8999938964844,392.8999938964844,366.6000061035156,376.0,6903
2025-10-14,376.45001220703125,378.45001220703125,368.0,373.70001220703125,2610
2025-10-15,370.0,399.8500061035156,363.29998779296875,377.95001220703125,6698
2025-10-16,384.0499877929688,453.0,377.9500122070313,417.6000061035156,55612
2025-10-17,410.7000122070313,442.0,408.0499877929688,423.25,7547
2025-10-20,435.0,438.9500122070313,394.0,402.7999877929688,2014
2025-10-21,394.20001220703125,415.0,393.0,401.45001220703125,1896
2025-10-23,404.5,480.0,400.4500122070313,447.8999938964844,69989
2025-10-24,447.0,460.3999938964844,446.0,448.6000061035156,10824
2025-10-27,448.6000061035156,462.6499938964844,440.2000122070313,441.0499877929688,3046
2025-10-28,451.3999938964844,451.3999938964844,435.0,438.45001220703125,3031
2025-10-29,445.0,526.0999755859375,435.70001220703125,495.5,92364
2025-10-30,494.5,497.75,484.5,490.1000061035156,9076
2025-10-31,490.25,514.4000244140625,475.5,491.95001220703125,10336
2025-11-03,500.0,500.0,481.8999938964844,494.20001220703125,3397
2025-11-04,484.7000122070313,491.9500122070313,471.0,471.8500061035156,1831
2025-11-06,475.4500122070313,510.0,475.1000061035156,494.9500122070313,8702
2025-11-07,494.0,494.0,462.0,478.5,2820
2025-11-10,479.0,485.0,460.54998779296875,463.79998779296875,2640
2025-11-11,475.0,475.0,465.0499877929688,470.7000122070313,1902
2025-11-12,465.79998779296875,486.6000061035156,465.20001220703125,476.6499938964844,3765
2025-11-13,471.1000061035156,490.9500122070313,451.0,453.8500061035156,6042
2025-11-14,464.70001220703125,480.0,431.0,438.8999938964844,4670
2025-11-17,455.0,455.0,441.1499938964844,444.70001220703125,2711
2025-11-18,465.0,465.0,437.1499938964844,443.79998779296875,1923
2025-11-19,438.20001220703125,465.0,438.20001220703125,458.5,3143
2025-11-20,450.95001220703125,478.5,441.20001220703125,467.79998779296875,7419
2025-11-21,466.95001220703125,475.0,458.3999938964844,466.20001220703125,3982
2025-11-24,466.2000122070313,470.2000122070313,426.0,429.2999877929688,4146
2025-11-25,434.3500061035156,450.0499877929688,433.5,447.1000061035156,1438
2025-11-26,447.1499938964844,459.70001220703125,436.04998779296875,452.6499938964844,1159
2025-11-27,448.54998779296875,464.95001220703125,435.0,446.5,1899
2025-11-28,445.3999938964844,450.6499938964844,432.5,434.3999938964844,1739
2025-12-01,439.8999938964844,439.8999938964844,422.0,428.20001220703125,1723
2025-12-02,428.29998779296875,428.29998779296875,401.0,416.29998779296875,1392
2025-12-03,428.0,428.0,407.0,408.5,1241
2025-12-04,412.6000061035156,413.8999938964844,400.79998779296875,403.20001220703125,694
2025-12-05,423.8500061035156,423.8500061035156,400.8999938964844,401.45001220703125,934
2025-12-08,419.95001220703125,480.0,383.20001220703125,450.95001220703125,50494
2025-12-09,448.79998779296875,448.79998779296875,420.0,440.6499938964844,8567
2025-12-10,442.8999938964844,497.75,428.1000061035156,459.04998779296875,10617
2025-12-11,459.0499877929688,474.8999938964844,435.0,443.7000122070313,2974
2025-12-12,433.0,454.1000061035156,433.0,440.20001220703125,1206
2025-12-15,435.0,447.8500061035156,435.0,445.5499877929688,1259
2025-12-16,445.9500122070313,453.8999938964844,430.0,443.9500122070313,852
2025-12-17,438.5,444.8999938964844,438.5,438.54998779296875,65
2025-12-18,430.20001220703125,444.95001220703125,430.1499938964844,438.20001220703125,300
2025-12-19,438.20001220703125,440.0,430.0,432.45001220703125,695
2025-12-22,433.0,449.7999877929688,433.0,440.7999877929688,245
2025-12-23,439.9500122070313,440.0,414.0,426.5,2138
2025-12-24,444.0,444.0,425.0,431.5,379
2025-12-26,431.1000061035156,434.70001220703125,421.0,423.1499938964844,965
2025-12-29,419.3500061035156,419.3500061035156,401.0,403.2000122070313,4122
2025-12-30,412.8999938964844,412.8999938964844,395.0,408.9500122070313,4691
2025-12-31,409.9500122070313,418.0,388.2000122070313,389.9500122070313,7084
2026-01-01,397.8999938964844,404.7999877929688,392.7999877929688,394.9500122070313,1963
2026-01-02,392.7999877929688,396.7999877929688,384.0,385.3500061035156,3148
2026-01-05,385.3500061035156,390.0,372.0,376.6000061035156,3991
2026-01-06,376.6000061035156,418.0,359.95001220703125,376.6000061035156,7850
2026-01-07,383.0,394.7000122070313,370.0,372.5499877929688,2984
2026-01-08,374.3999938964844,374.3999938964844,350.54998779296875,358.1000061035156,5342
2026-01-09,358.1499938964844,358.1499938964844,325.0,330.8500061035156,12188
2026-01-12,350.0,369.0,330.20001220703125,358.5,4157
2026-01-13,358.5,365.0,349.95001220703125,355.95001220703125,3915
2026-01-14,360.0,374.20001220703125,330.3500061035156,339.45001220703125,31836
2026-01-16,355.79998779296875,355.79998779296875,333.0,336.6000061035156,6356
2026-01-19,334.6000061035156,335.04998779296875,321.25,328.95001220703125,2514
2026-01-20,322.04998779296875,330.6000061035156,305.0,312.45001220703125,3479
2026-01-21,300.04998779296875,314.1499938964844,300.04998779296875,303.3999938964844,2291
2026-01-22,303.3999938964844,313.54998779296875,301.95001220703125,305.0,1519
2026-01-23,306.25,318.6499938964844,306.25,309.25,1475
2026-01-27,312.95001220703125,329.5,305.79998779296875,324.3999938964844,3439
2026-01-28,334.0,335.5,319.04998779296875,330.8999938964844,1519
2026-01-29,360.70001220703125,360.70001220703125,321.0,322.6000061035156,981
2026-01-30,337.95001220703125,338.0,320.0,330.25,3745
2026-02-02,337.04998779296875,341.20001220703125,326.3500061035156,327.95001220703125,783
2026-02-03,393.5,393.5,393.5,393.5,16920
2026-02-04,469.0,472.20001220703125,425.0,472.20001220703125,164192
2026-02-05,490.0,499.0,444.20001220703125,473.5,83358
2026-02-06,460.04998779296875,483.95001220703125,452.54998779296875,480.3500061035156,12717
2026-02-09,468.1000061035156,528.3499755859375,468.1000061035156,522.0,92806
2026-02-10,528.25,533.0,493.0,500.1499938964844,30364
2026-02-11,497.0,510.0,477.04998779296875,490.0,9100
2026-02-12,493.6000061035156,494.5,465.3999938964844,488.8500061035156,9095
2026-02-13,488.6499938964844,499.9500122070313,478.5499877929688,492.1499938964844,4649
2026-02-16,495.0,495.0,468.0,486.54998779296875,2293
2026-02-17,481.7000122070313,501.0,468.0,501.0,4551
2026-02-18,480.04998779296875,502.0,480.04998779296875,500.0,1625
2026-02-19,500.0,507.8999938964844,482.1000061035156,483.3999938964844,239
2026-02-20,460.54998779296875,506.0,460.54998779296875,496.8500061035156,548
2026-02-23,506.79998779296875,506.79998779296875,477.54998779296875,493.95001220703125,2536
2026-02-24,473.5499877929688,499.0,469.2999877929688,470.5499877929688,4492
2026-02-25,474.5,474.8999938964844,453.20001220703125,460.54998779296875,1289
2026-02-26,460.5499877929688,480.0,460.0,460.1000061035156,2520
2026-02-27,452.0,469.8999938964844,448.0,456.1499938964844,1892
2026-03-02,454.0,454.0,433.3500061035156,435.3999938964844,2629
2026-03-04,421.29998779296875,423.1000061035156,413.70001220703125,416.5,5163
2026-03-05,425.0,437.0,419.0,425.5,5892
2026-03-06,425.5,445.0,418.04998779296875,439.1000061035156,4066
2026-03-09,421.45001220703125,441.0,421.45001220703125,439.0,985
2026-03-10,439.0,460.9500122070313,419.0,460.9500122070313,1917
2026-03-11,457.3500061035156,483.95001220703125,437.95001220703125,465.20001220703125,4223
2026-03-12,442.1000061035156,488.45001220703125,442.1000061035156,488.45001220703125,2848
2026-03-13,493.5,511.0,466.5,509.0,7070
2026-03-16,487.0499877929688,502.5,484.0,484.5499877929688,1381
2026-03-17,495.0,495.0,474.2999877929688,490.0,1058
2026-03-18,512.0,514.5,490.0,499.7999877929688,487
2026-03-19,515.0,516.0,478.6000061035156,481.75,2643
2026-03-20,476.70001220703125,504.8999938964844,476.70001220703125,483.79998779296875,1966
2026-03-23,485.20001220703125,500.0,466.1499938964844,470.45001220703125,3707
2026-03-24,473.0,493.9500122070313,470.0,493.9500122070313,15721
2026-03-25,493.9500122070313,518.5999755859375,491.5,518.4500122070312,2809
2026-03-27,518.5,535.0,495.2000122070313,528.75,5100
2026-03-30,548.9500122070312,548.9500122070312,505.0,530.9500122070312,3584
2026-04-01,540.0,541.0,528.0,530.0,6764
2026-04-02,512.5999755859375,548.4000244140625,506.0,547.9500122070312,2826
2026-04-06,530.2000122070312,545.0,530.2000122070312,538.3499755859375,2089
2026-04-07,538.3499755859375,541.0,515.0999755859375,523.75,442
2026-04-08,534.8499755859375,549.9000244140625,524.0999755859375,549.9000244140625,21570
2026-04-09,551.5,574.9500122070312,540.0499877929688,567.8499755859375,6258
2026-04-10,553.6500244140625,579.5,540.0999755859375,554.7000122070312,911
2026-04-13,534.7000122070312,580.0,534.7000122070312,559.8499755859375,2754
2026-04-15,566.0,575.0,545.0,551.4000244140625,5504
2026-04-16,551.4000244140625,556.5,551.2000122070312,551.2000122070312,1408
2026-04-17,551.2000122070312,575.0,547.0999755859375,563.25,2765
2026-04-20,568.9500122070312,569.0,567.0,568.9500122070312,1214
2026-04-21,567.0,579.0,560.0,564.5999755859375,5216
2026-04-22,567.0,567.0,540.25,543.25,2732
2026-04-23,545.0,569.4000244140625,545.0,550.0,4318
2026-04-24,577.0,577.0,551.0,564.0,33136
2026-04-27,564.9000244140625,570.0,548.0,553.4500122070312,10903
2026-04-28,554.0,558.0,537.0,550.0499877929688,3765
2026-04-29,553.75,553.75,531.5499877929688,535.9000244140625,2590
2026-04-30,536.9500122070312,562.0,536.9500122070312,548.3499755859375,5813
2026-05-04,541.0999755859375,575.75,541.0999755859375,575.75,11252
2026-05-05,575.75,601.0,570.0,582.7000122070312,9325
2026-05-06,586.0999755859375,611.7999877929688,586.0999755859375,611.7999877929688,7695
2026-05-07,640.0,641.7999877929688,610.0,626.7000122070312,9191
2026-05-08,601.2000122070312,641.7000122070312,601.2000122070312,620.3499755859375,5319
2026-05-11,645.0,650.0,616.0,646.7999877929688,7842
2026-05-12,614.75,649.75,614.5,619.7999877929688,2670
2026-05-13,616.7000122070312,649.0,614.5499877929688,640.9000244140625,9753
2026-05-14,645.0,671.0,641.0,660.2999877929688,10312
2026-05-15,660.2999877929688,672.0,641.2000122070312,666.9000244140625,5690
2026-05-18,665.0,665.9000244140625,617.5499877929688,629.9000244140625,3839
2026-05-19,575.5999755859375,660.0,575.5999755859375,650.9500122070312,3309
2026-05-20,660.0499877929688,716.0,660.0,716.0,19755
2026-05-21,724.9000244140625,783.9000244140625,720.0,769.4000244140625,30808
2026-05-22,780.0,780.0,730.0,732.5999755859375,5485
2026-05-25,770.0,805.8499755859375,741.5,762.5499877929688,42609
2026-05-26,769.7999877929688,838.0,749.9500122070312,823.1500244140625,27628
2026-05-27,823.1500244140625,849.9500122070312,823.1500244140625,844.9000244140625,9788
2026-05-28,844.9000244140625,844.9000244140625,844.9000244140625,844.9000244140625,0
2026-05-29,849.0,861.25,802.7000122070312,802.7000122070312,6208
2026-06-01,805.0,805.0,762.5999755859375,762.6500244140625,18741
2026-06-02,732.0,786.9500122070312,732.0,766.7000122070312,5661
2026-06-03,769.7000122070312,769.7000122070312,728.4000244140625,733.5499877929688,5878
2026-06-04,750.5499877929688,770.2000122070312,749.9000244140625,765.6500244140625,4899
2026-06-05,800.0,803.9000244140625,730.7000122070312,758.25,3619
2026-06-08,738.6500244140625,751.4000244140625,720.3499755859375,720.3499755859375,3513
2026-06-09,716.3499755859375,749.7000122070312,684.3499755859375,686.0999755859375,10084
2026-06-10,682.0,694.8499755859375,652.0999755859375,670.75,16323
2026-06-11,664.0,671.9500122070312,642.0499877929688,664.1500244140625,13149
2026-06-12,667.5,697.3499755859375,667.5,697.3499755859375,6655
2026-06-15,705.0499877929688,732.2000122070312,705.0499877929688,730.5999755859375,3409
2026-06-16,695.0,750.3499755859375,695.0,714.9500122070312,4030
2026-06-17,702.6500244140625,713.9500122070312,684.0499877929688,692.7999877929688,3144
2026-06-18,693.0,727.4000244140625,693.0,727.4000244140625,3299
2026-06-19,760.0,762.9500122070312,751.0,753.2999877929688,6046
2026-06-22,753.7999877929688,787.9500122070312,753.0499877929688,758.75,2956
2026-06-23,764.7999877929688,776.9500122070312,720.8499755859375,725.8499755859375,5769
2026-06-24,726.0,745.0,719.9000244140625,734.0999755859375,5744
2026-06-25,760.0,760.0,727.0,736.2000122070312,2296
2026-06-26,736.2000122070312,736.2000122070312,736.2000122070312,736.2000122070312,0
2026-06-29,701.0,751.0,701.0,710.2999877929688,4355
2026-06-30,713.8499755859375,745.7999877929688,713.8499755859375,745.7999877929688,8456
2026-07-01,777.0,783.0,717.5999755859375,734.6500244140625,10872
2026-07-02,748.5,749.0,697.9500122070312,716.7999877929688,13677
2026-07-03,738.9500122070312,752.5999755859375,721.4000244140625,738.8499755859375,7854
2026-07-06,730.0499877929688,775.75,730.0499877929688,775.75,5822
2026-07-07,800.0,806.0,777.0499877929688,781.3499755859375,4728
2026-07-08,780.0,795.0,770.0,771.5499877929688,3057
2026-07-09,770.0,810.0999755859375,770.0,800.4500122070312,10274
2026-07-10,838.9000244140625,838.9000244140625,800.0,809.9500122070312,8403
2026-07-13,830.0,830.0,792.0,796.5,2132
2026-07-14,797.9500122070312,836.0,794.0499877929688,795.0,6229
2026-07-15,795.0499877929688,827.9500122070312,795.0499877929688,818.4500122070312,3369
2026-07-16,830.3499755859375,845.0,810.0,831.0,3247
2026-07-17,803.0499877929688,832.9000244140625,803.0,825.2999877929688,11523
2026-07-20,825.2999877929688,841.9500122070312,784.0499877929688,830.8499755859375,12788
2026-07-21,820.2999877929688,872.3499755859375,815.0,855.4000244140625,11729
2026-07-22,872.7000122070312,876.75,817.7999877929688,834.4500122070312,8297
2026-07-23,834.25,839.9500122070312,822.0,825.5999755859375,1827
2026-07-24,813.2999877929688,831.0,801.0499877929688,823.75,2025
2026-07-27,831.3499755859375,860.0,810.0,844.5,4729
2026-07-28,844.5,849.0999755859375,802.2999877929688,802.2999877929688,5750
2026-07-29,827.9500122070312,827.9500122070312,768.0999755859375,793.9500122070312,3344
2026-07-30,770.7000122070312,783.0,754.2999877929688,771.1500244140625,5206
2026-07-31,761.9500122070312,809.7000122070312,757.5999755859375,809.5499877929688,4941
2026-08-03,850.0,850.0,791.0499877929688,819.0,10974
2026-08-04,820.1500244140625,820.1500244140625,796.2999877929688,805.0499877929688,3142
2026-08-05,815.0999755859375,843.5,814.0999755859375,826.8499755859375,6983
2026-08-06,826.8499755859375,865.0,818.5999755859375,852.6500244140625,14748
2026-08-07,870.0,870.0,802.0,813.25,11322
2026-08-10,790.0,806.4000244140625,765.5999755859375,771.7000122070312,4440
2026-08-11,779.5499877929688,790.0,772.2999877929688,784.0,1900
2026-08-12,808.5,810.9500122070312,789.0499877929688,799.1500244140625,2217
2026-08-13,825.0,899.0,736.0999755859375,771.4000244140625,83139
2026-08-14,788.0,788.0,710.0999755859375,717.1500244140625,17344
2026-08-17,717.1500244140625,717.3499755859375,684.0,698.4500122070312,16347
2026-08-18,698.4500122070312,758.0,690.0,741.1500244140625,4837
2026-08-19,745.0999755859375,750.4000244140625,702.5,721.5999755859375,1184
2026-08-20,721.6500244140625,726.7000122070312,671.5,709.5,10476
2026-08-21,709.5,713.9500122070312,683.9500122070312,697.3499755859375,6324
2026-08-24,699.6500244140625,715.5,667.0999755859375,670.1500244140625,8629
2026-08-25,674.5499877929688,719.9500122070312,670.2000122070312,703.7000122070312,2932
2026-08-26,703.3499755859375,712.5499877929688,682.0499877929688,695.4500122070312,3328
2026-08-27,696.3499755859375,712.8499755859375,690.0,703.75,1662
2026-08-28,712.0,720.0999755859375,681.5,701.5,4311
2026-08-31,734.0,734.0,683.0,704.5499877929688,2953
2026-09-01,727.0,727.0,691.5,694.9000244140625,2423
2026-09-02,686.0,702.4000244140625,686.0,692.2000122070312,1212
2026-09-03,692.2000122070312,709.2999877929688,689.3499755859375,699.9000244140625,4113
2026-09-04,700.9000244140625,709.9500122070312,677.1500244140625,698.0499877929688,2308
2026-09-07,705.0,705.0,688.5999755859375,693.9000244140625,2931
2026-09-08,693.0,702.4500122070312,677.4500122070312,687.0,1698
